Nome de usuário,Nome de exibição,Número de agentes usados,Respostas de agente recebidas,Data da última atividade (UTC)
thayanne@mppa.mp.br,THAYANNE GAMA DE MENEZES REZENDE,5,43,5 de out. de 2026
cstilianidi@mppa.mp.br,CARLOS STILIANIDI GARCIA,1,15,5 de out. de 2026
rsouza@mppa.mp.br,RAFAEL DE MOURA SOUZA,3,21,5 de out. de 2026
tiagogomes@mppa.mp.br,TIAGO RAFAEL BARROS GOMES,1,3,5 de out. de 2026
novaismanoela@mppa.mp.br,MANOELA KAROLINE FERREIRA NOVAIS,3,10,5 de out. de 2026
erikamenezes@mppa.mp.br,ERIKA MENEZES DE OLIVEIRA,6,124,5 de out. de 2026
esarmento@mppa.mp.br,EDIELSON CORREA SARMENTO,4,85,5 de out. de 2026
suellencoutinho@mppa.mp.br,SUELLEN BARBOSA COUTINHO,2,41,5 de out. de 2026
samuelgomes@mppa.mp.br,SAMUEL SOUZA GOMES,8,30,5 de out. de 2026
emerio@mppa.mp.br,EMERIO MENDES COSTA,4,140,5 de out. de 2026
rener@mppa.mp.br,RENÊ SOUZA DA SILVA,6,54,5 de out. de 2026
reginaldo@mppa.mp.br,REGINALDO CESAR LIMA ALVARES,7,136,5 de out. de 2026
luissilva@mppa.mp.br,LUIS CARLOS FERREIRA SILVA,21,548,5 de out. de 2026
rosianesantos@mppa.mp.br,ROSIANE ESTEVES DOS SANTOS,1,51,5 de out. de 2026
rosanaluiz@mppa.mp.br,ROSANA RIBEIRO LUIZ,1,14,5 de out. de 2026
smendes@mppa.mp.br,SILVIA ANDREZA DE CASTRO MENDES,3,135,5 de out. de 2026
cinara@mppa.mp.br,ERICA CINARA PEREIRA DOS SANTOS,1,25,5 de out. de 2026
camilasamartins@mppa.mp.br,CAMILA SARAIVA MARTINS,12,71,5 de out. de 2026
danielesaraiva@mppa.mp.br,FRANCISCA DANIELE MENDES SARAIVA,4,202,5 de out. de 2026
fjaelder@mppa.mp.br,FRANCISCO JAELDER DE LIMA,5,24,5 de out. de 2026
gabrielaknebel@mppa.mp.br,GABRIELA KNEBEL BRAZEIRO FACUNDES,6,100,5 de out. de 2026
rnascimento@mppa.mp.br,ROBERTA MARCIA RIKER MADURO NASCIMENTO,1,120,5 de out. de 2026
brennacarlagvn@mppa.mp.br,BRENNA CARLA GONÇALVES VILA NOVA,1,16,5 de out. de 2026
eliseuom@mppa.mp.br,ELISEU OLIVEIRA MARIALVA,21,292,5 de out. de 2026
daianaraquelsouza@mppa.mp.br,DAIANA RAQUEL DÓRIA DE SOUZA,8,358,5 de out. de 2026
annabarroso@mppa.mp.br,ANNA PAULA BARROSO NEVES,20,757,5 de out. de 2026
thaynarasantiago@mppa.mp.br,THAYNARA SANTIAGO DOS ANJOS,2,45,5 de out. de 2026
brunocsantos@mppa.mp.br,BRUNO DA CONCEIÇÃO DOS SANTOS,4,164,5 de out. de 2026
silvaneves@mppa.mp.br,RICARDO DA SILVA NEVES,1,27,5 de out. de 2026
andreymatos@mppa.mp.br,ANDREY ALVES MATOS,11,158,5 de out. de 2026
thiagomonteiro@mppa.mp.br,THIAGO DO NASCIMENTO MONTEIRO,3,13,5 de out. de 2026
alecxandro@mppa.mp.br,ALECXANDRO SERRÃO LEITÃO,1,98,5 de out. de 2026
amadeuvidonho@mppa.mp.br,AMADEU DOS ANJOS VIDONHO JUNIOR,5,99,5 de out. de 2026
gustavobrito@mppa.mp.br,GUSTAVO BRITO GALDINO,5,38,5 de out. de 2026
luciapimenta@mppa.mp.br,LUCIA VIRGINIA OLIVEIRA PIMENTA DA SILVA,1,31,5 de out. de 2026
deysecereja@mppa.mp.br,DEYSE CEREJA FERREIRA DA SILVA,6,85,5 de out. de 2026
brendabezerra@mppa.mp.br,BRENDA BEZERRA DO ESPIRITO SANTO,1,294,5 de out. de 2026
gisellysantos@mppa.mp.br,GISELLY DOS SANTOS DA CONCEIÇÃO,1,17,5 de out. de 2026
anagodinho@mppa.mp.br,ANA BEATRIZ DOS ANJOS GODINHO,2,55,5 de out. de 2026
rhannaeliziario@mppa.mp.br,RHANNA RITA MIRANDA ELIZIÁRIO,2,243,5 de out. de 2026
formigosacauet@mppa.mp.br,CAUET DE ARAUJO CORREA FORMIGOSA,5,19,5 de out. de 2026
anabeatrizpereira@mppa.mp.br,ANA BEATRIZ RIBEIRO PEREIRA,9,155,5 de out. de 2026
hajrsoares@mppa.mp.br,HAROLDO JÚNIOR DA ROCHA SOARES,9,122,5 de out. de 2026
arthursena@mppa.mp.br,ARTHUR RIBEIRO DE SENA,5,26,5 de out. de 2026
sauvelinawaru@mppa.mp.br,LINA WARU,5,73,5 de out. de 2026
petronioleaojr@mppa.mp.br,PETRÔNIO ALEXANDRE DE MELO LEÃO JÚNIOR,6,93,5 de out. de 2026
geovannaalencar@mppa.mp.br,GEOVANNA DE ALENCAR GOMES,1,67,5 de out. de 2026
camilapantoja@mppa.mp.br,CAMILA AMARAL PANTOJA,4,387,5 de out. de 2026
luciogomes@mppa.mp.br,LUCIO GABRIEL FONTEL GOMES,1,38,5 de out. de 2026
guilhermeramos@mppa.mp.br,GUILHERME FREITAS RAMOS,1,83,5 de out. de 2026
catharinavacher@mppa.mp.br,CATHARINA VIEIRA VACHER,1,1,5 de out. de 2026
pedroaraujo@mppa.mp.br,PEDRO DA TRINDADE ARAUJO,1,47,5 de out. de 2026
thaisacardoso@mppa.mp.br,THAÍSA,3,70,5 de out. de 2026
wallacefelipe@mppa.mp.br,WALLACE FELIPE SANTOS OLIVEIRA,4,54,5 de out. de 2026
ricardocastro@mppa.mp.br,RICARDO HENRIK CASTRO NUNES,1,57,5 de out. de 2026
saulothacio@mppa.mp.br,SAULO THACIO DA SILVA COSTA,1,1.092,5 de out. de 2026
rogerioportela@mppa.mp.br,ADALTO ROGERIO SOUSA PORTELA,1,70,5 de out. de 2026
mariamagno@mppa.mp.br,MARIA LUIZA CASTILHO MAGNO,3,22,5 de out. de 2026
thiagosanandres@mppa.mp.br,THIAGO RIBEIRO SANANDRES,14,190,4 de out. de 2026
andresc@mppa.mp.br,ANDRE DA SILVA CARDOSO,5,70,4 de out. de 2026
islanmello@mppa.mp.br,ISLAN CLAIREFONT DE SOUZA MELLO,3,29,4 de out. de 2026
emersongomes@mppa.mp.br,EMERSON BRUNO DE OLIVEIRA GOMES,1,1,4 de out. de 2026
valeriaasilva@mppa.mp.br,VALÉRIA ALEXANDRA SOARES DA SILVA,6,39,4 de out. de 2026
andersonluiz@mppa.mp.br,ANDERSON LUIZ SILVA SOUSA,4,41,4 de out. de 2026
edijonecastro@mppa.mp.br,EDI JONE OLIVEIRA CASTRO,1,15,4 de out. de 2026
matheusdasilva@mppa.mp.br,MATHEUS DA SILVA ARAÚJO,11,348,4 de out. de 2026
njpozorio@mppa.mp.br,NILSON JÚNIOR PASTROLIN OZORIO,3,17,4 de out. de 2026
sidenircosta@mppa.mp.br,SIDENIR ARAUJO COSTA,5,44,4 de out. de 2026
gabriellaandrade@mppa.mp.br,GABRIELLA CARMO DE ANDRADE,3,28,4 de out. de 2026
glaucia@mppa.mp.br,GLAUCIA MIRANDA CHADA,1,120,3 de out. de 2026
niellyromeiro@mppa.mp.br,NIELLY CRISTINE DE CARVALHO ROMEIRO ALMEIDA,4,85,3 de out. de 2026
glfilho@mppa.mp.br,GILBERTO LINS DE SOUZA FILHO,7,158,3 de out. de 2026
dirkmattos@mppa.mp.br,DIRK COSTA DE MATTOS JUNIOR,5,119,3 de out. de 2026
barbaracunha@mppa.mp.br,BARBARA JASSÉ CUNHA GONÇALVES,2,28,3 de out. de 2026
gabrielamachado@mppa.mp.br,GABRIELA RIOS MACHADO,4,67,3 de out. de 2026
rayannessilva@mppa.mp.br,RAYANNE SAMILLE PINHEIRO SILVA,6,202,3 de out. de 2026
carloshenrique@mppa.mp.br,CARLOS HENRIQUE COELHO TOCANTINS,1,2,2 de out. de 2026
mmurrieta@mppa.mp.br,MANOEL VICTOR SERENI MURRIETA E TAVARES,1,14,2 de out. de 2026
rosanaantunes@mppa.mp.br,ROSANA CASTRO ANTUNES,1,33,2 de out. de 2026
sjpinheiro@mppa.mp.br,SIDNEY DE JOSE PINHEIRO GONCALVES,1,47,2 de out. de 2026
arayol@mppa.mp.br,ALBERTO RAYOL DE MORAES,1,52,2 de out. de 2026
ramoura@mppa.mp.br,RICARDO DE ARAUJO MOURA,2,58,2 de out. de 2026
michelborges@mppa.mp.br,MICHEL FRANKLIN BORGES,3,98,2 de out. de 2026
msfilho@mppa.mp.br,MARIO SERGIO DE ABREU FILHO,3,34,2 de out. de 2026
jgama@mppa.mp.br,JANIO VIANA GAMA,2,2,2 de out. de 2026
andreoliveira@mppa.mp.br,ANDRE CAVALCANTI DE OLIVEIRA,19,264,2 de out. de 2026
msousa@mppa.mp.br,MEIRIJANE DE SOUSA ROCHA,3,68,2 de out. de 2026
ftavares@mppa.mp.br,FRANCISCO JUNIOR TAVARES PINTO,6,79,2 de out. de 2026
suldblanogomes@mppa.mp.br,SULDBLANO OLIVEIRA GOMES,1,9,2 de out. de 2026
claudiocordeiro@mppa.mp.br,CLAUDIO YVES DA SILVA CORDEIRO,3,91,2 de out. de 2026
andrezal@mppa.mp.br,ANDREZA PEREIRA DE LIMA,1,61,2 de out. de 2026
ronaldopepe@mppa.mp.br,RONALDO PEPE MARINHO,7,53,2 de out. de 2026
rayannepalheta@mppa.mp.br,RAYANNE OLIVEIRA PALHETA DOS SANTOS,2,60,2 de out. de 2026
beneditonascimento@mppa.mp.br,BENEDITO WAGNER SANTOS DO NASCIMENTO,12,232,2 de out. de 2026
viniciusalvarenga@mppa.mp.br,VINÍCIUS PONTES DE SOUZA ALVARENGA,4,59,2 de out. de 2026
andreguimaraes@mppa.mp.br,ANDRÉ FELIPE GOMES GUIMARÃES,2,13,2 de out. de 2026
felipegoncalves@mppa.mp.br,FELIPE JOSÉ GONÇALVES,5,46,2 de out. de 2026
mayarapombo@mppa.mp.br,MAYARA PANTOJA POMBO,3,103,2 de out. de 2026
victoriacorrea@mppa.mp.br,VICTORIA CORREA DE SOUZA,8,148,2 de out. de 2026
mirandapimentel@mppa.mp.br,MIRANDA PIMENTEL SANTOS,14,92,2 de out. de 2026
larissaportugal@mppa.mp.br,LARISSA RIBEIRO PORTUGAL DE OLIVEIRA,6,101,2 de out. de 2026
manuellaazevedo@mppa.mp.br,NAYRA MANUELLA SILVA AZEVEDO,6,296,2 de out. de 2026
alexmiranda@mppa.mp.br,ALEX MIRANDA SOARES,3,7,2 de out. de 2026
kaykyoliveira@mppa.mp.br,KAYKY MARTINS DE OLIVEIRA,1,23,2 de out. de 2026
paulabarros@mppa.mp.br,PAULA GEOVANA RODRIGUES BARROS,3,193,2 de out. de 2026
joaoaires@mppa.mp.br,JOÃO PAULO TAVARES MOURÃO AIRES,2,38,2 de out. de 2026
jeffersonrodrigues@mppa.mp.br,JEFFERSON FRANCO RODRIGUES,1,43,2 de out. de 2026
rayanemarinho@mppa.mp.br,RAYANE NATHIELLY OLIVEIRA MARINHO,1,1,2 de out. de 2026
davidneves@mppa.mp.br,DAVID OTAVIO DAS NEVES CONCEICAO,1,6,2 de out. de 2026
milenavieira@mppa.mp.br,MILENA FERNANDES VIEIRA,1,4,2 de out. de 2026
ruanacosta@mppa.mp.br,RUANA COSTA DA MOTA,14,178,2 de out. de 2026
lillieanyaraujo@mppa.mp.br,LILLIE ANY DE ARAÚJO MORAIS,5,40,2 de out. de 2026
evandro@mppa.mp.br,EVANDRO DE AGUIAR RIBEIRO,3,24,1 de out. de 2026
fredfreire@mppa.mp.br,FREDERICO AUGUSTO DE MORAIS FREIRE,3,9,1 de out. de 2026
pbezerra@mppa.mp.br,PAULO RICARDO DE SOUZA BEZERRA,11,34,1 de out. de 2026
danielleoliveira@mppa.mp.br,DANIELLE CORREA DE OLIVEIRA,1,3,1 de out. de 2026
nayaranegrao@mppa.mp.br,NAYARA SANTOS NEGRAO,3,38,1 de out. de 2026
rsampaio@mppa.mp.br,RENATA SAMPAIO CORRÊA,1,4,1 de out. de 2026
joanalima@mppa.mp.br,JOANA LIRA LIMA,10,153,1 de out. de 2026
mpsantaluziadopara@mppa.mp.br,PROMOTORIA DE SANTA LUZIA DO PARA,1,45,1 de out. de 2026
rmarques@mppa.mp.br,RODRIGO SAMPAIO MARQUES DE SOUZA,15,75,1 de out. de 2026
amandaliberal@mppa.mp.br,AMANDA LIBERAL LOPES,1,32,1 de out. de 2026
larissas@mppa.mp.br,LARISSA ESTELA DIAS MARQUES DA SILVA,1,99,1 de out. de 2026
sandrosouza@mppa.mp.br,SANDRO SILVA DE SOUZA,2,29,1 de out. de 2026
camilacruz@mppa.mp.br,CAMILA SILVA CRUZ,7,31,1 de out. de 2026
aldabeatriz@mppa.mp.br,ALDA BEATRIZ DE JESUS DE OLIVEIRA,1,11,1 de out. de 2026
rodrigovasconcelos@mppa.mp.br,RODRIGO SILVA VASCONCELOS,2,10,1 de out. de 2026
nelane@mppa.mp.br,NILMA ELANE DE CARVALHO CORREA DA SILVA,1,4,1 de out. de 2026
kellysantana@mppa.mp.br,KELLY DA ROCHA SANTANA,2,15,1 de out. de 2026
giovannaferreira@mppa.mp.br,GIOVANNA FERREIRA MARQUES,1,13,1 de out. de 2026
pauloedilson@mppa.mp.br,PAULO EDILSON FERREIRA MORAES,1,1,1 de out. de 2026
3pjcrim@mppa.mp.br,3pjcrim,3,183,1 de out. de 2026
erickmarinho@mppa.mp.br,ERICK MARINHO NASCIMENTO,1,54,1 de out. de 2026
fabiotrindade@mppa.mp.br,FABIO CESAR ROCHA DA TRINDADE,3,18,1 de out. de 2026
flavialopes@mppa.mp.br,ANA FLAVIA LOPES GONCALVES,1,3,1 de out. de 2026
leticiadsantos@mppa.mp.br,LETICIA DOS SANTOS NASCIMENTO,1,12,1 de out. de 2026
julienesiqueira@mppa.mp.br,JULIENE ELIDA SIQUEIRA FEIO,1,3,1 de out. de 2026
jedsonsousa@mppa.mp.br,JEDSON JEAN RAMALHO DE SOUSA,1,12,1 de out. de 2026
eloahsilva@mppa.mp.br,ELOAH LAYS DOS SANTOS SILVA,1,36,1 de out. de 2026
daianefranco@mppa.mp.br,DAIANE AGUIAR FRANCO,1,13,1 de out. de 2026
layraoliveira@mppa.mp.br,LAYRA RAYLANA SIQUEIRA OLIVEIRA,3,92,1 de out. de 2026
ozielfilho@mppa.mp.br,OZIEL DE SILVA FILHO,2,73,1 de out. de 2026
cristinasrocha@mppa.mp.br,CRISTINA MEL SILVA DA ROCHA,3,61,1 de out. de 2026
rafaelaferreira@mppa.mp.br,RAFAELA FERREIRA DO ROSÁRIO,5,29,1 de out. de 2026
rodrigomaik@mppa.mp.br,RODRIGO MAIK DE OLIVEIRA DE LIMA,1,43,1 de out. de 2026
terezaraquel@mppa.mp.br,TEREZA RAQUEL BORGES DE ASSIS,1,7,1 de out. de 2026
aquilescosta@mppa.mp.br,AQUILES MATHEUS VEIGA DA COSTA,1,27,1 de out. de 2026
hericfernandes@mppa.mp.br,HERIC CONCEICAO FERNANDES,1,119,1 de out. de 2026
lannalima@mppa.mp.br,LANNA GABRIELA VASCONCELOS DE LIMA,2,86,1 de out. de 2026
dmoura@mppa.mp.br,DANIELA SOUZA FILHO MOURA,4,10,30 de set. de 2026
rodrigosilva@mppa.mp.br,RODRIGO AQUINO SILVA,4,34,30 de set. de 2026
carlapassos@mppa.mp.br,CARLA MARIA CARVALHO PASSOS,4,145,30 de set. de 2026
thiagomatos@mppa.mp.br,THIAGO RODRIGUES DE MATOS,1,18,30 de set. de 2026
jessicaleao@mppa.mp.br,JESSICA LEÃO DOS SANTOS,4,23,30 de set. de 2026
tavares@mppa.mp.br,ELIANE CRISTINA PINHEIRO TAVARES,2,9,30 de set. de 2026
clotilde@mppa.mp.br,CLOTILDE LEAL COSTA FILHA,1,4,30 de set. de 2026
jaqueline@mppa.mp.br,JAQUELINE LIMA LOPES,1,2,30 de set. de 2026
cassiadealexandria@mppa.mp.br,CÁSSIA ALEXANDRA AMARAL DE ALEXANDRIA,3,14,30 de set. de 2026
luizpereira@mppa.mp.br,LUIZ EDUARDO PEREIRA DE CARVALHO,2,42,30 de set. de 2026
kariannemachado@mppa.mp.br,KARIANNE LEAL MACHADO,7,135,30 de set. de 2026
claudiodias@mppa.mp.br,CLÁUDIO RENATO DE LIMA DIAS,2,71,30 de set. de 2026
luanasales@mppa.mp.br,LUANA SALES DE SOUSA,1,16,30 de set. de 2026
igorpereira@mppa.mp.br,IGOR PEREIRA VIÉGAS,1,21,30 de set. de 2026
agathalis@mppa.mp.br,AGATHA LIS PEREIRA PANTOJA,1,5,30 de set. de 2026
elannareis@mppa.mp.br,ELANNA DOS REIS SILVA,1,5,30 de set. de 2026
jorgealan@mppa.mp.br,JORGE ALAN MACIEL DE SOUZA,3,48,30 de set. de 2026
marielenascimento@mppa.mp.br,MARIELE DO NASCIMENTO GADILHA,1,2,30 de set. de 2026
joaovictorsantos@mppa.mp.br,JOAO VICTOR SANTOS SILVA,1,51,30 de set. de 2026
isadorabrito@mppa.mp.br,ISADORA BRITO SANTOS,1,11,30 de set. de 2026
amandafigueiredo@mppa.mp.br,AMANDA BRANCHES FIGUEIREDO,1,3,30 de set. de 2026
josemoreira@mppa.mp.br,JOSE ILTON LIMA MOREIRA JUNIOR,1,24,29 de set. de 2026
diegoribeiro@mppa.mp.br,DIEGO RIBEIRO DE OLIVEIRA,1,62,29 de set. de 2026
jackelynealves@mppa.mp.br,JACKELYNE ALBERTO ALVES DOS SANTOS,1,5,29 de set. de 2026
monicarocha@mppa.mp.br,MONICA CRISTINA GONCALVES MELO DA ROCHA,5,42,29 de set. de 2026
rcardoso@mppa.mp.br,FLAVIA REGINA TEIXEIRA CARDOSO,1,52,29 de set. de 2026
brunorodrigues@mppa.mp.br,BRUNO SARAVALLI RODRIGUES,3,15,29 de set. de 2026
dmondego@mppa.mp.br,DANIEL MONDEGO FIGUEIREDO,2,2,29 de set. de 2026
elieteoliveira@mppa.mp.br,ELIETE BATISTA DE OLIVEIRA,4,59,29 de set. de 2026
renanprimo@mppa.mp.br,RENAN PRIMO MARTINS DE SOUSA,1,4,29 de set. de 2026
ronielcarneiro@mppa.mp.br,RONIEL CARNEIRO,1,1,29 de set. de 2026
luizabarcante@mppa.mp.br,LUIZA BARÇANTE SANANDRES,2,7,29 de set. de 2026
jacquelinesantos@mppa.mp.br,JACQUELINE BEATRIZ AGUIAR DOS SANTOS,2,10,29 de set. de 2026
arthurwolff@mppa.mp.br,ARTHUR WOLFF DOS SANTOS SERRA,1,3,29 de set. de 2026
douglassferreira@mppa.mp.br,DOUGLAS DE SOUSA FERREIRA,4,19,29 de set. de 2026
patrikdovale@mppa.mp.br,PATRIK DO VALE PEREIRA,1,393,29 de set. de 2026
ayrasofia@mppa.mp.br,AYRA SOFIA ALMEIDA DE ALMEIDA,1,16,29 de set. de 2026
kevynramon@mppa.mp.br,KEVYN RAMON GUERREIRO MONTEIRO,1,34,29 de set. de 2026
italopaz@mppa.mp.br,ITALO ALMEIDA DA PAZ,1,6,29 de set. de 2026
ssobral@mppa.mp.br,SAMUEL FURTADO SOBRAL,8,21,28 de set. de 2026
mgualberto@mppa.mp.br,MAYSA GUALBERTO DA SILVA,1,4,28 de set. de 2026
javiz@mppa.mp.br,JEAN ROSIVALDO AVIZ DE FREITAS,1,2,28 de set. de 2026
gelvannylima@mppa.mp.br,GELVANNY TRINDADE LIMA,1,2,28 de set. de 2026
helderduart@mppa.mp.br,HELDER HENRIQUE DA COSTA DUARTE,1,4,28 de set. de 2026
vitoriadiniz@mppa.mp.br,VITORIA FERNANDES DINIZ,5,61,28 de set. de 2026
dayanavirgolino@mppa.mp.br,DAYANA VIRGOLINO COSTA,2,9,28 de set. de 2026
mariameneses@mppa.mp.br,MARIA LUIZA MENESES ARAUJO,1,10,28 de set. de 2026
natally@mppa.mp.br,SYLVIA NATALLY FERNANDES DA SILVA,1,5,27 de set. de 2026
kharenloureiro@mppa.mp.br,KHARÉN LETHYCIA PIRES LOUREIRO,7,42,26 de set. de 2026
mramos@mppa.mp.br,MARINALDO DA SILVA RAMOS,1,8,25 de set. de 2026
fabiosilva@mppa.mp.br,FABIO REGATEIRO DA SILVA,1,14,25 de set. de 2026
tirza@mppa.mp.br,TIRZA ELEONORA DE NAZARE BENONE SABBA,1,11,25 de set. de 2026
morgana@mppa.mp.br,MORGANA AMIN DA ROCHA,4,7,25 de set. de 2026
alineneiva@mppa.mp.br,ALINE NEIVA DE MOURA,5,41,25 de set. de 2026
djardim@mppa.mp.br,DARLENE DE FATIMA NEVES JARDIM,1,9,25 de set. de 2026
pcosta@mppa.mp.br,PRISCILLA TEREZA DE ARAUJO COSTA,1,8,25 de set. de 2026
diegosantana@mppa.mp.br,DIEGO BELCHIOR FERREIRA SANTANA,2,5,25 de set. de 2026
sebastiaoissa@mppa.mp.br,SEBASTIÃO ISSA REIS GOMES,2,5,25 de set. de 2026
hipolito@mppa.mp.br,LUCAS RAONY PEREIRA HIPOLITO,3,33,25 de set. de 2026
gabrielripardo@mppa.mp.br,GABRIEL RIPARDO FURTADO,2,10,25 de set. de 2026
ciceropereira@mppa.mp.br,CICERO DA CRUZ PEREIRA,1,2,25 de set. de 2026
diegoazevedo@mppa.mp.br,DIEGO LIMA AZEVEDO,1,13,25 de set. de 2026
brenoreismatos@mppa.mp.br,BRENO REIS MATOS,2,20,25 de set. de 2026
ciia@mppa.mp.br,Comitê de Governança da Inovação e Inteligência Artificial,3,40,25 de set. de 2026
ulissesnascimento@mppa.mp.br,ULISSES FRANCES DO NASCIMENTO,5,21,25 de set. de 2026
carlamota@mppa.mp.br,CARLA ELOISE MOTA BEZERRA,2,4,25 de set. de 2026
teresinharossetti@mppa.mp.br,TERESINHA MARIA MEGALE ROSSETTI,1,5,25 de set. de 2026
mpmarapanim@mppa.mp.br,PROMOTORIA DE MARAPANIM,1,19,24 de set. de 2026
raimundosandro@mppa.mp.br,RAIMUNDO SANDRO DE CARVALHO RAMOS,2,14,24 de set. de 2026
carolgoncalves@mppa.mp.br,ANA CAROLINA VILHENA GONCALVES GOMES,2,4,24 de set. de 2026
emiliosoares@mppa.mp.br,EMÍLIO DOS SANTOS SOARES NETO,2,4,24 de set. de 2026
madunascimento@mppa.mp.br,MARIA EDUARDA NASCIMENTO DE CARVALHO,2,40,24 de set. de 2026
warysonsantos@mppa.mp.br,WARYSON DOS SANTOS E SANTOS,1,1,24 de set. de 2026
dboliveira@mppa.mp.br,DANIELE BARBOSA DE OLIVEIRA BRITO,1,1,23 de set. de 2026
erik@mppa.mp.br,ERIK LUIZ DE NUNES VALENTE,1,14,23 de set. de 2026
alephmoreira@mppa.mp.br,JORGE ALEPH DOS SANTOS MOREIRA,4,16,23 de set. de 2026
alvaroalves@mppa.mp.br,ÁLVARO LUIZ TAVARES DE CHRISTO ALVES,1,1,23 de set. de 2026
cintiapatricia@mppa.mp.br,CINTIA PATRICIA DA ROSA FURTADO,1,2,23 de set. de 2026
labreu@mppa.mp.br,LAERCIO GUILHERMINO DE ABREU,2,36,22 de set. de 2026
liliamp@mppa.mp.br,LILIAM PATRICIA DUARTE DE SOUZA GOMES,1,1,22 de set. de 2026
jozianymelo@mppa.mp.br,JOZIANY ALMEIDA DA SILVA MELO,7,17,22 de set. de 2026
dayannacatao@mppa.mp.br,DAYANNA DE SOUSA CATAO,1,3,22 de set. de 2026
francisconogueira@mppa.mp.br,FRANCISCO RENAN NOGUEIRA SILVA,1,2,22 de set. de 2026
gabrielnoronha@mppa.mp.br,GABRIEL ABRAHAO FERNANDES NORONHA,6,39,22 de set. de 2026
laisaoliveira@mppa.mp.br,LAISA ANDRESSA DA CONCEICAO OLIVEIRA,1,3,22 de set. de 2026
israelsilva@mppa.mp.br,ISRAEL UCHÔA DA SILVA,1,1,22 de set. de 2026
arlonmendes@mppa.mp.br,ARLON MENDES DE JESUS,4,11,22 de set. de 2026
adriabatista@mppa.mp.br,ADRIA RODRIGUES BATISTA,1,9,22 de set. de 2026
lucasbernardino@mppa.mp.br,LUCAS KAUÃ BERNARDINO PAES,2,8,22 de set. de 2026
jgomes@mppa.mp.br,JAZIEL LEVY LEAL GOMES,3,183,21 de set. de 2026
aurilene@mppa.mp.br,AURILENE LEÃO DIAS,1,1,21 de set. de 2026
victoriavilhena@mppa.mp.br,VICTORIA CRISTINA SILVA VILHENA,1,11,21 de set. de 2026
pnascimento@mppa.mp.br,PAULO IGOR BARRA NASCIMENTO,2,7,21 de set. de 2026
tgranhen@mppa.mp.br,TATIANA FERREIRA GRANHEN,1,13,21 de set. de 2026
suellencontente@mppa.mp.br,SUELLEN REIS CONTENTE,1,1,21 de set. de 2026
jocenete@mppa.mp.br,JOCENETE SANTOS CARVALHO,1,11,21 de set. de 2026
victornunes@mppa.mp.br,VICTOR SOARES NUNES,4,14,21 de set. de 2026
miqueiasmoraes@mppa.mp.br,MIQUEIAS DA CUNHA MORAES,1,2,21 de set. de 2026
fagnumaraujo@mppa.mp.br,FAGNUM DA SILVA ARAUJO,1,2,21 de set. de 2026
analuz@mppa.mp.br,ANA CAROLINE MARTINS DA LUZ,1,4,21 de set. de 2026
hbarros@mppa.mp.br,HELBER JAMES SOUSA BARROS,1,4,18 de set. de 2026
vanessaherculano@mppa.mp.br,VANESSA GALVÃO HERCULANO,1,1,18 de set. de 2026
apgalucio@mppa.mp.br,ANA PAULA PEREIRA GALUCIO,1,1,18 de set. de 2026
ritaalmeida@mppa.mp.br,RITA DE CÁSSIA ALMEIDA FARIAS,1,1,18 de set. de 2026
jopessoa@mppa.mp.br,JOANNA PESSÔA CANGUSSÚ,1,17,18 de set. de 2026
rayanneoliveira@mppa.mp.br,RAYANNE FERREIRA OLIVEIRA,1,3,18 de set. de 2026
jorgearaujo@mppa.mp.br,JORGE VITOR SILVA ARAUJO,1,6,18 de set. de 2026
btravassos@mppa.mp.br,BRUNO TRAVASSOS DA ROSA BRAGA,1,3,17 de set. de 2026
silviateixeira@mppa.mp.br,SILVIA MENDONÇA TEIXEIRA,4,12,17 de set. de 2026
atmartins@mppa.mp.br,ALINE JANUSA TELES MARTINS,2,11,17 de set. de 2026
dpinho@mppa.mp.br,DOUGLAS JOSE DE PINHO,1,3,17 de set. de 2026
reny@mppa.mp.br,JOSE RENY DA SILVA ARAUJO,2,8,17 de set. de 2026
shelceacorrea@mppa.mp.br,SHELCEA PANTOJA CORREA,6,54,17 de set. de 2026
rodrigorettori@mppa.mp.br,RODRIGO RETTORI GUIMARÃES,1,1,17 de set. de 2026
alexsaraiva@mppa.mp.br,CARLOS ALEXANDRE DAS NEVES SARAIVA,1,4,16 de set. de 2026
cacosta@mppa.mp.br,CREMILDA AQUINO DA COSTA,2,6,16 de set. de 2026
carloscs@mppa.mp.br,CARLOS EDUARDO CUNHA DOS SANTOS,2,7,16 de set. de 2026
anacaroline@mppa.mp.br,ANA CAROLINE LIMA MELO,1,1,16 de set. de 2026
julianepantoja@mppa.mp.br,JULIANE PANTOJA DA IGREJA,1,2,16 de set. de 2026
albertosantos@mppa.mp.br,JOSE ALBERTO SILVA DOS SANTOS,1,5,16 de set. de 2026
julireisvieira@mppa.mp.br,JULIANA DE FÁTIMA REIS VIEIRA,1,9,16 de set. de 2026
paulossilva@mppa.mp.br,PAULO PYETRO SANTOS DA SILVA,1,2,16 de set. de 2026
lucasoliveira@mppa.mp.br,LUCAS DE ANDRADE DE OLIVEIRA,1,1,15 de set. de 2026
arimoto@mppa.mp.br,ALLEN KENTO ARIMOTO,7,35,15 de set. de 2026
essantos@mppa.mp.br,EVELIN STAEVIE DOS SANTOS,1,6,15 de set. de 2026
robertomonteiro@mppa.mp.br,ROBERTO MONTEIRO MOREIRA DE FREITAS,1,4,15 de set. de 2026
paulodantas@mppa.mp.br,PAULO RODSON CASCAES DANTAS,1,1,15 de set. de 2026
jeffersonfcoelho@mppa.mp.br,JEFFERSON FERREIRA COELHO,1,2,15 de set. de 2026
silviofonseca@mppa.mp.br,SILVIO FÉLIX GOMES FONSECA,1,4,15 de set. de 2026
larissafranca@mppa.mp.br,LARISSA MIRIAN FRANCA REZENDE,2,9,15 de set. de 2026
mpmaedorio@mppa.mp.br,PROMOTORIA DE MAE DO RIO,1,12,14 de set. de 2026
fernandolucas@mppa.mp.br,FERNANDO LUCAS MIRANDA CAPUCHO,3,9,14 de set. de 2026
yasminpampolha@mppa.mp.br,YASMIN DE JESUS PAMPOLHA ARAUJO,1,6,14 de set. de 2026
marlenesousa@mppa.mp.br,MARLENE SILVA DE SOUSA,2,29,14 de set. de 2026
adrianosilva@mppa.mp.br,ADRIANO MODA SILVA,1,3,14 de set. de 2026
pauloandre@mppa.mp.br,PAULO ANDRÉ ROCHA MENDES,1,2,14 de set. de 2026
alexoliva@mppa.mp.br,ALEX ADAM MARTINS OLIVA,1,12,11 de set. de 2026
jhonny@mppa.mp.br,JHONNY DE CASTRO BACELAR,1,2,10 de set. de 2026
martareis@mppa.mp.br,MARTA DE SOUSA DOS REIS,1,1,10 de set. de 2026
deborasoliveira@mppa.mp.br,DEBORA SABRINA NASCIMENTO OLIVEIRA,1,7,10 de set. de 2026
davidlelis@mppa.mp.br,DAVID AUGUSTO SILVA LELIS,1,1,10 de set. de 2026
vivianesobral@mppa.mp.br,VIVIANE LOBATO SOBRAL,1,2,9 de set. de 2026
rodrigowvb@mppa.mp.br,RODRIGO MAMEDE VAZ DE BRITO,1,2,9 de set. de 2026
brunaamorim@mppa.mp.br,BRUNA DE AMORIM FURTADO,1,1,9 de set. de 2026
mateusmelo@mppa.mp.br,MATEUS DE MELO COSTA,1,3,9 de set. de 2026
laisleite@mppa.mp.br,LAIS AGUIAR LEITE,1,4,9 de set. de 2026
isabellegomes@mppa.mp.br,ISABELLE KAROLLYNE GOMES RODRIGUES,1,3,9 de set. de 2026
claricediniz@mppa.mp.br,CLARICE MARIA MARTINS DINIZ,1,6,9 de set. de 2026
renatav@mppa.mp.br,RENATA VALERIA PINTO CARDOSO,1,2,8 de set. de 2026
vivianlobato@mppa.mp.br,VIVIAN FARIAS LOBATO,1,1,8 de set. de 2026
priscilagomes@mppa.mp.br,PRISCILA NASCIMENTO GOMES FREIRE,1,2,8 de set. de 2026
cmonteiro@mppa.mp.br,CARLOS TANAYE DA VERA CRUZ MONTEIRO,1,3,8 de set. de 2026
adrianasilva@mppa.mp.br,ADRIANA FREIRE DA SILVA,1,3,8 de set. de 2026
jorgyvan@mppa.mp.br,JORGYVAN BRAGA LIMA,1,3,8 de set. de 2026
silvananascimento@mppa.mp.br,SILVANA NASCIMENTO VAZ DE SOUSA,1,2,8 de set. de 2026
danielaaraujo@mppa.mp.br,DANIELA MAYANA SILVA DE ARAUJO,1,10,8 de set. de 2026
palomaluz@mppa.mp.br,PALOMA SANTIAGO DA LUZ,1,6,8 de set. de 2026
anacristinacosta@mppa.mp.br,ANA CRISTINA COSTA DIAS SILVA GONÇALVES,1,1,8 de set. de 2026
clesianedias@mppa.mp.br,CLESIANE DIAS CARDOSO,1,2,8 de set. de 2026
alicefarias@mppa.mp.br,ALICE EMILY DE ARAUJO FARIAS,1,1,8 de set. de 2026
gabrielalmeida@mppa.mp.br,GABRIEL LOPES DE ALMEIDA,1,3,8 de set. de 2026
brenoborges@mppa.mp.br,BRENO BORGES,1,4,8 de set. de 2026
marianasilva@mppa.mp.br,MARIANA SILVA MARTINS,1,1,6 de set. de 2026